<MissionPackageManifest version="2">
<Configuration>
<Parameter name="uid" value="57aa4e78-0c63-4465-bf33-0aef8efe8bcd"/>
<Parameter name="name" value="202301-CAP-ILWG"/>
<Parameter name="onReceiveDelete" value="true"/>
</Configuration>
<Contents>
<Content zipEntry="20230105_CAP-ILWG_client.p12" ignore="false"/>
<Content zipEntry="ps-truststore-root-797752.p12" ignore="false"/>
<Content zipEntry="BingHybrid.xml" ignore="false"/>
<Content zipEntry="BingMaps.xml" ignore="false"/>
<Content zipEntry="BingMapsHybrid2.xml" ignore="false"/>
<Content zipEntry="Carto-Dark.xml" ignore="false"/>
<Content zipEntry="ESRI_DeLorme_World_Base_Map.xml" ignore="false"/>
<Content zipEntry="ESRI_Specialty_World_Navigation_Charts.xml" ignore="false"/>
<Content zipEntry="ESRI_USA_Topo_Maps.xml" ignore="false"/>
<Content zipEntry="ESRI_World_Imagery.xml" ignore="false"/>
<Content zipEntry="ESRI_World_Imagery_Clarity.xml" ignore="false"/>
<Content zipEntry="ESRI_World_Imagery_Firefly.xml" ignore="false"/>
<Content zipEntry="ESRI_World_Street_Map.xml" ignore="false"/>
<Content zipEntry="ESRI_World_Topo_Map.xml" ignore="false"/>
<Content zipEntry="FAA_Helicopter.xml" ignore="false"/>
<Content zipEntry="FAA_IFR_Area.xml" ignore="false"/>
<Content zipEntry="FAA_IFR_Low.xml" ignore="false"/>
<Content zipEntry="FAA_Sectional.xml" ignore="false"/>
<Content zipEntry="FAA_TAC.xml" ignore="false"/>
<Content zipEntry="GOOGLEHybrid.xml" ignore="false"/>
<Content zipEntry="GoogleHybridHD_localtext.xml" ignore="false"/>
<Content zipEntry="GOOGLESat.xml" ignore="false"/>
<Content zipEntry="GOOGLEStreetMap.xml" ignore="false"/>
<Content zipEntry="GOOGLEStreetMapALT.xml" ignore="false"/>
<Content zipEntry="GOOGLETerrain.xml" ignore="false"/>
<Content zipEntry="NOAA_RNC.xml" ignore="false"/>
<Content zipEntry="NOAA_RNC_EPSG4326.xml" ignore="false"/>
<Content zipEntry="openstreetmap.xml" ignore="false"/>
<Content zipEntry="OpenstreetmapPublic.xml" ignore="false"/>
<Content zipEntry="OpenTopoPublic.xml" ignore="false"/>
<Content zipEntry="USGS_NAIP_Plus_Image.xml" ignore="false"/>
<Content zipEntry="USGSImageryOnly.xml" ignore="false"/>
<Content zipEntry="USGSImageryTopo.xml" ignore="false"/>
<Content zipEntry="USGSTopo.xml" ignore="false"/>
<Content zipEntry="package_builder.pref" ignore="false"/>
</Contents>
</MissionPackageManifest>
