<AtakActionBar label="channels" orientation="portrait ">
   <ActionMenu preferredMenu="actionBar" ref="asset://actionbar/items/zoomin.xml"/>
   <ActionMenu preferredMenu="actionBar" ref="asset://actionbar/items/zoomout.xml"/>
   <ActionMenu preferredMenu="actionBar" ref="asset://actionbar/items/lock.xml"/>
   <ActionMenu preferredMenu="actionBar" ref="asset://actionbar/items/orientation.xml"/>
   <ActionMenu preferredMenu="actionBar" ref="asset://actionbar/items/redx.xml"/>
   <ActionMenu preferredMenu="actionBar" ref="asset://actionbar/items/bloodhound.xml"/>
   <ActionMenu preferredMenu="actionBar" ref="asset://actionbar/items/rangeandbearing.xml"/>
   <ActionMenu preferredMenu="overflow" ref="asset://actionbar/items/routes.xml"/>
   <ActionMenu preferredMenu="overflow" ref="asset://actionbar/items/videoplayer.xml"/>
   <ActionMenu preferredMenu="actionBar" ref="asset://actionbar/items/contacts.xml"/>
   <ActionMenu preferredMenu="actionBar" ref="asset://actionbar/items/pointdropper.xml"/>
   <ActionMenu preferredMenu="actionBar" ref="asset://actionbar/items/goto.xml"/>
   <ActionMenu preferredMenu="actionBar" ref="asset://actionbar/items/overlay.xml"/>
   <ActionMenu preferredMenu="actionBar" ref="asset://actionbar/items/mapsandfavorites.xml"/>
   <ActionMenu preferredMenu="actionBar" ref="asset://actionbar/items/drawing.xml"/>
   <ActionMenu preferredMenu="overflow" ref="asset://actionbar/items/quicknav.xml"/>
   <ActionMenu preferredMenu="actionBar" ref="asset://actionbar/items/quickpic.xml"/>
   <ActionMenu preferredMenu="overflow" ref="asset://actionbar/items/trackhistory.xml"/>
   <ActionMenu preferredMenu="overflow" ref="asset://actionbar/items/firetools.xml"/>
   <ActionMenu preferredMenu="actionBar" ref="asset://actionbar/items/gallery.xml"/>
   <ActionMenu preferredMenu="overflow" ref="asset://actionbar/items/viewshed.xml"/>
   <ActionMenu preferredMenu="overflow" ref="asset://actionbar/items/resection.xml"/>
   <ActionMenu preferredMenu="overflow" ref="asset://actionbar/items/casevac.xml"/>
   <ActionMenu preferredMenu="overflow" ref="asset://actionbar/items/geofences.xml"/>
   <ActionMenu preferredMenu="overflow" ref="asset://actionbar/items/radiocontrols.xml"/>
   <ActionMenu preferredMenu="overflow" ref="asset://actionbar/items/missionpackage.xml"/>
   <ActionMenu preferredMenu="overflow" ref="asset://actionbar/items/importmanager.xml"/>
   <ActionMenu preferredMenu="overflow" ref="asset://actionbar/items/emergency.xml"/>
   <ActionMenu preferredMenu="overflow" ref="asset://actionbar/items/clearcontent.xml"/>
   <ActionMenu preferredMenu="overflow" ref="asset://actionbar/items/brightness.xml"/>
   <ActionMenu preferredMenu="overflow" ref="asset://actionbar/items/rubbersheet.xml"/>
   <ActionMenu preferredMenu="overflow" ref="asset://actionbar/items/setting.xml"/>
   <ActionMenu preferredMenu="overflow" ref="asset://actionbar/items/channels.xml"/>
   <ActionMenu preferredMenu="overflow" ref="asset://actionbar/items/toolbarmanager.xml"/>
   <ActionMenu preferredMenu="overflow" ref="asset://actionbar/items/quit.xml"/>
</AtakActionBar>