<?xml version="1.0" encoding="UTF-8"?>
<customWmsMapSource>
    <name>FAA Helicopter</name>
    <minZoom>0</minZoom>
    <maxZoom>18</maxZoom>
    <tileType>png</tileType>
    <url>https://wms.chartbundle.com/mp/service?</url>
    <coordinatesystem>EPSG:3857</coordinatesystem>
    <layers>hel</layers>
    <styles></styles>
    <north>85.0511287798</north>
    <east>180.0</east>
    <south>-85.0511287798</south>
    <west>-180.0</west>
    <backgroundColor>#000000</backgroundColor>
    <aditionalparameters>&amp;transparent=true</aditionalparameters>
</customWmsMapSource>
